{"count":1,"self":279.5853824,"total":662.8729012,"children":{"InitializeActuators":{"count":1,"self":0.0010031999999999999,"total":0.0010031999999999999,"children":null},"InitializeSensors":{"count":1,"self":0.0015030999999999998,"total":0.0015030999999999998,"children":null},"AgentSendState":{"count":1000067,"self":1.793842,"total":4.0461868999999995,"children":{"CollectObservations":{"count":100007,"self":0.43876489999999996,"total":0.43876489999999996,"children":null},"WriteActionMask":{"count":100007,"self":0.11430599999999999,"total":0.11430599999999999,"children":null},"RequestDecision":{"count":100007,"self":0.44738669999999997,"total":1.6992739,"children":{"AgentInfo.ToProto":{"count":100007,"self":0.4836531,"total":1.2518871999999999,"children":{"GenerateSensorData":{"count":100007,"self":0.76823409999999992,"total":0.76823409999999992,"children":null}}}}}}},"DecideAction":{"count":1000067,"self":371.265408,"total":371.2654164,"children":null},"AgentAct":{"count":1000067,"self":7.9664896,"total":7.9724147999999992,"children":{"AgentInfo.ToProto":{"count":685,"self":0.001996,"total":0.0059254,"children":{"GenerateSensorData":{"count":685,"self":0.0039293999999999996,"total":0.0039293999999999996,"children":null}}}}}},"gauges":{"PlayerAgent.CumulativeReward":{"count":685,"max":0,"min":-0.4,"runningAverage":-0.160875842,"value":-0.3,"weightedAverage":-0.199985921}},"metadata":{"timer_format_version":"0.1.0","start_time_seconds":"1703239585","unity_version":"2022.3.13f1","command_line_arguments":"C:\\Program Files\\Unity\\Hub\\Editor\\2022.3.13f1\\Editor\\Unity.exe -projectpath D:\\eigene Dateien\\Documents\\GitHub\\iuiProject -useHub -hubIPC -cloudEnvironment production -licensingIpc LicenseClient-1TGOOXpACvBiXK12ealTh -hubSessionId 7f1d51e7-5b1a-421f-a112-555fe25faffe -accessToken 8fMEjXr8VlEf2GhbRgUL9NsIIm3DU30FT6KYUxYzPn0008f","communication_protocol_version":"1.5.0","com.unity.ml-agents_version":"2.0.1","scene_name":"Demo","end_time_seconds":"1703240248"}}